{"cameraMode":{"drawMode":0,"name":"Shaded","section":"Shading Mode"},"sceneLighting":false,"audioPlay":false,"sceneViewState":{"m_AlwaysRefresh":false,"showFog":true,"showSkybox":false,"showFlares":true,"showImageEffects":true,"showParticleSystems":true,"showVisualEffectGraphs":true,"m_FxEnabled":false},"in2DMode":false,"pivot":{"x":0.05927811563014984,"y":0.03955399990081787,"z":0.34604519605636599},"rotation":{"x":-0.07577325403690338,"y":0.10063488036394119,"z":-0.007503912318497896,"w":-0.9920741319656372},"size":0.3739404082298279,"orthographic":false}