{"cameraMode":{"drawMode":0,"name":"Shaded","section":"Shading Mode"},"sceneLighting":false,"audioPlay":false,"sceneViewState":{"m_AlwaysRefresh":false,"showFog":true,"showSkybox":false,"showFlares":true,"showImageEffects":true,"showParticleSystems":true,"showVisualEffectGraphs":true,"m_FxEnabled":false},"in2DMode":false,"pivot":{"x":-0.027400106191635133,"y":0.058063484728336337,"z":-0.0196584053337574},"rotation":{"x":0.15521350502967835,"y":-0.04443678632378578,"z":0.00698596378788352,"w":0.9868730902671814},"size":0.16450749337673188,"orthographic":false}