{"cameraMode":{"drawMode":0,"name":"Shaded","section":"Shading Mode"},"sceneLighting":false,"audioPlay":false,"sceneViewState":{"m_AlwaysRefresh":false,"showFog":true,"showSkybox":false,"showFlares":true,"showImageEffects":true,"showParticleSystems":true,"showVisualEffectGraphs":true,"m_FxEnabled":false},"in2DMode":false,"pivot":{"x":-0.01879027858376503,"y":0.12486934661865235,"z":-0.0077482908964157108},"rotation":{"x":0.2923155128955841,"y":0.3684457242488861,"z":-0.12324204295873642,"w":0.8738821148872376},"size":0.12346833199262619,"orthographic":false}