{"cameraMode":{"drawMode":0,"name":"Shaded","section":"Shading Mode"},"sceneLighting":false,"audioPlay":false,"sceneViewState":{"m_AlwaysRefresh":false,"showFog":true,"showSkybox":false,"showFlares":true,"showImageEffects":true,"showParticleSystems":true,"showVisualEffectGraphs":true,"m_FxEnabled":false},"in2DMode":false,"pivot":{"x":-0.15322911739349366,"y":0.12951470911502839,"z":0.20594023168087007},"rotation":{"x":0.2096889764070511,"y":-0.1619853377342224,"z":0.03507840260863304,"w":0.9637513756752014},"size":0.3997277617454529,"orthographic":false}