{"cameraMode":{"drawMode":0,"name":"Shaded","section":"Shading Mode"},"sceneLighting":false,"audioPlay":false,"sceneViewState":{"m_AlwaysRefresh":false,"showFog":true,"showSkybox":false,"showFlares":true,"showImageEffects":true,"showParticleSystems":true,"showVisualEffectGraphs":true,"m_FxEnabled":false},"in2DMode":false,"pivot":{"x":-0.03806913644075394,"y":0.2006438672542572,"z":-0.08608859777450562},"rotation":{"x":0.0087940888479352,"y":0.9873136281967163,"z":-0.14741064608097077,"w":0.05901708826422691},"size":0.3572606146335602,"orthographic":false}