{"cameraMode":{"drawMode":0,"name":"Shaded","section":"Shading Mode"},"sceneLighting":false,"audioPlay":false,"sceneViewState":{"m_AlwaysRefresh":false,"showFog":true,"showSkybox":false,"showFlares":true,"showImageEffects":true,"showParticleSystems":true,"showVisualEffectGraphs":true,"m_FxEnabled":false},"in2DMode":false,"pivot":{"x":0.07378753274679184,"y":0.22831328213214875,"z":-0.024895384907722474},"rotation":{"x":-0.030714699998497964,"y":-0.9621466398239136,"z":0.12157537788152695,"w":-0.24247002601623536},"size":0.14407402276992799,"orthographic":false}