{"cameraMode":{"drawMode":0,"name":"Shaded","section":"Shading Mode"},"sceneLighting":false,"audioPlay":false,"sceneViewState":{"m_AlwaysRefresh":false,"showFog":true,"showSkybox":false,"showFlares":true,"showImageEffects":true,"showParticleSystems":true,"showVisualEffectGraphs":true,"m_FxEnabled":false},"in2DMode":false,"pivot":{"x":-0.00254257395863533,"y":0.1693032830953598,"z":-0.04876060038805008},"rotation":{"x":-0.030714699998497964,"y":-0.9621466398239136,"z":0.12157537788152695,"w":-0.24247002601623536},"size":0.12296810746192932,"orthographic":false}