{"cameraMode":{"drawMode":0,"name":"Shaded","section":"Shading Mode"},"sceneLighting":false,"audioPlay":false,"sceneViewState":{"m_AlwaysRefresh":false,"showFog":true,"showSkybox":false,"showFlares":true,"showImageEffects":true,"showParticleSystems":true,"showVisualEffectGraphs":true,"m_FxEnabled":false},"in2DMode":false,"pivot":{"x":-0.05108267813920975,"y":0.1655607372522354,"z":0.023909792304039},"rotation":{"x":0.0012128971284255386,"y":-0.9002466797828674,"z":0.4355478882789612,"w":0.0024023738224059345},"size":0.1853993833065033,"orthographic":false}